t,sc,event
0.0,7.097451,0
0.1,7.106178,0
0.2,7.102093,0
0.3,7.096870,0
0.4,7.091247,0
0.5,7.084942,0
0.6,7.079060,0
0.7,7.072039,0
0.8,7.065950,0
0.9,7.059832,0
1.0,7.053068,0
1.1,7.048037,0
1.2,7.040295,0
1.3,7.037459,0
1.4,7.030213,0
1.5,7.025829,0
1.6,7.020956,0
1.7,7.014919,0
1.8,7.009112,0
1.9,7.004079,0
2.0,7.000396,0
2.1,6.994439,0
2.2,6.990046,0
2.3,6.987415,0
2.4,6.982289,0
2.5,6.982527,0
2.6,6.982249,0
2.7,6.981071,0
2.8,6.979228,0
2.9,6.979888,0
3.0,6.979266,0
3.1,6.979327,0
3.2,6.978361,0
3.3,6.978484,0
3.4,6.977654,0
3.5,6.976499,0
3.6,6.973063,0
3.7,6.972582,0
3.8,6.970913,0
3.9,6.967591,0
4.0,6.966981,0
4.1,6.962856,0
4.2,6.959690,0
4.3,6.956604,0
4.4,6.952754,0
4.5,6.951525,0
4.6,6.947840,0
4.7,6.943962,0
4.8,6.941412,0
4.9,6.938621,0
5.0,6.935323,1
5.1,6.926946,0
5.2,6.926717,0
5.3,6.923540,0
5.4,6.920486,0
5.5,6.915201,0
5.6,6.909319,0
5.7,6.907023,0
5.8,6.902827,0
5.9,6.898445,0
6.0,6.896564,0
6.1,6.889992,0
6.2,6.886139,0
6.3,6.878323,0
6.4,6.871242,0
6.5,6.874029,0
6.6,6.868473,0
6.7,6.867444,0
6.8,6.877095,0
6.9,6.910325,0
7.0,6.984602,0
7.1,7.103524,0
7.2,7.281277,0
7.3,7.523309,0
7.4,7.827660,0
7.5,8.171835,0
7.6,8.550786,0
7.7,8.970562,0
7.8,9.405814,0
7.9,9.826619,0
8.0,10.260590,0
8.1,10.651290,0
8.2,11.046140,0
8.3,11.423997,0
8.4,11.714305,0
8.5,12.034432,0
8.6,12.371646,0
8.7,12.645121,0
8.8,12.918805,0
8.9,13.170010,0
9.0,13.375132,0
9.1,13.532732,0
9.2,13.667385,0
9.3,13.770845,0
9.4,13.840074,0
9.5,13.895313,0
9.6,13.918394,0
9.7,13.901106,0
9.8,13.903915,0
9.9,13.924069,0
10.0,13.994851,0
10.1,14.120792,0
10.2,14.262166,0
10.3,14.400074,0
10.4,14.518904,0
10.5,14.627483,0
10.6,14.662568,0
10.7,14.674214,0
10.8,14.658189,0
10.9,14.618911,0
11.0,14.568658,0
11.1,14.482155,0
11.2,14.371279,0
11.3,14.239622,0
11.4,14.076647,0
11.5,13.886633,0
11.6,13.676651,0
11.7,13.469220,0
11.8,13.265021,0
11.9,13.095162,0
12.0,13.023714,0
12.1,13.077355,0
12.2,13.247786,0
12.3,13.501955,0
12.4,13.791451,0
12.5,14.068248,0
12.6,14.305350,0
12.7,14.487866,0
12.8,14.620449,0
12.9,14.699088,0
13.0,14.733331,0
13.1,14.739046,0
13.2,14.736995,0
13.3,14.724759,0
13.4,14.709723,0
13.5,14.676023,0
13.6,14.618874,0
13.7,14.527538,0
13.8,14.414225,0
13.9,14.281789,0
14.0,14.130255,0
14.1,13.972877,0
14.2,13.809391,0
14.3,13.641236,0
14.4,13.472698,0
14.5,13.305869,0
14.6,13.140959,0
14.7,12.973659,0
14.8,12.813412,0
14.9,12.667104,0
15.0,12.529099,0
15.1,12.389805,0
15.2,12.259671,0
15.3,12.138409,0
15.4,12.024869,1
15.5,11.938211,0
15.6,11.895434,0
15.7,11.922336,0
15.8,12.022505,0
15.9,12.167567,0
16.0,12.335283,0
16.1,12.497350,0
16.2,12.627272,0
16.3,12.721642,0
16.4,12.777020,0
16.5,12.798176,0
16.6,12.791082,0
16.7,12.761121,0
16.8,12.718489,0
16.9,12.653953,0
17.0,12.579364,0
17.1,12.512421,0
17.2,12.518568,0
17.3,12.653314,0
17.4,12.912346,0
17.5,13.262589,0
17.6,13.643834,0
17.7,14.000330,0
17.8,14.298905,0
17.9,14.524063,0
18.0,14.677155,0
18.1,14.769643,0
18.2,14.809696,0
18.3,14.810167,0
18.4,14.784602,0
18.5,14.733530,0
18.6,14.657202,0
18.7,14.550059,0
18.8,14.403908,0
18.9,14.223061,0
19.0,14.014299,0
19.1,13.796665,0
19.2,13.577925,0
19.3,13.369433,0
19.4,13.173204,0
19.5,12.989773,0
19.6,12.822988,0
19.7,12.662980,0
19.8,12.519145,0
19.9,12.384152,0
20.0,12.262042,0
20.1,12.147974,0
20.2,12.042958,0
20.3,11.946854,0
20.4,11.861233,0
20.5,11.779257,0
20.6,11.701391,0
20.7,11.625766,0
20.8,11.557264,0
20.9,11.493950,0
21.0,11.430503,0
21.1,11.372471,0
21.2,11.316830,0
21.3,11.265532,0
21.4,11.214629,0
21.5,11.169890,0
21.6,11.120107,0
21.7,11.075297,0
21.8,11.032634,0
21.9,10.991993,0
22.0,10.951069,0
22.1,10.914013,0
22.2,10.875311,0
22.3,10.839223,0
22.4,10.801777,0
22.5,10.767531,0
22.6,10.732400,0
22.7,10.696947,0
22.8,10.665593,0
22.9,10.631747,0
23.0,10.600535,0
23.1,10.569408,0
23.2,10.538099,0
23.3,10.507346,0
23.4,10.477602,0
23.5,10.447847,0
23.6,10.417313,0
23.7,10.390938,0
23.8,10.364312,0
23.9,10.333153,0
24.0,10.307925,0
24.1,10.279960,0
24.2,10.251555,0
24.3,10.228069,0
24.4,10.201984,0
24.5,10.177089,0
24.6,10.151703,0
24.7,10.126768,0
24.8,10.105202,0
24.9,10.082515,0
25.0,10.058246,0
25.1,10.036799,0
25.2,10.015191,0
25.3,9.993335,0
25.4,9.974798,0
25.5,9.952256,0
25.6,9.931261,0
25.7,9.910692,1
25.8,9.893626,0
25.9,9.875574,0
26.0,9.855528,0
26.1,9.835770,0
26.2,9.823438,0
26.3,9.804982,0
26.4,9.792545,0
26.5,9.778355,0
26.6,9.763208,0
26.7,9.749059,0
26.8,9.741605,0
26.9,9.725499,0
27.0,9.717913,0
27.1,9.705838,0
27.2,9.690500,0
27.3,9.687490,0
27.4,9.705393,0
27.5,9.783636,0
27.6,9.957821,0
27.7,10.232249,0
27.8,10.610020,0
27.9,11.067093,0
28.0,11.563437,0
28.1,12.052016,0
28.2,12.478354,0
28.3,12.848689,0
28.4,13.136576,0
28.5,13.349773,0
28.6,13.487490,0
28.7,13.563796,0
28.8,13.601482,0
28.9,13.606465,0
29.0,13.573911,0
29.1,13.503242,0
29.2,13.398521,0
29.3,13.260421,0
29.4,13.102091,0
29.5,12.939507,0
29.6,12.775463,0
29.7,12.617241,0
29.8,12.467100,0
29.9,12.325777,0
30.0,12.193842,0
30.1,12.071370,0
30.2,11.954670,0
30.3,11.851683,0
30.4,11.757342,0
30.5,11.665425,0
30.6,11.584477,0
30.7,11.507097,0
30.8,11.441360,0
30.9,11.376583,0
31.0,11.316541,0
31.1,11.260338,0
31.2,11.209132,0
31.3,11.161502,0
31.4,11.117119,0
31.5,11.073767,0
31.6,11.033227,0
31.7,10.995034,0
31.8,10.960188,0
31.9,10.924029,0
32.0,10.894778,0
32.1,10.867780,0
32.2,10.839800,0
32.3,10.814454,0
32.4,10.786608,0
32.5,10.759946,0
32.6,10.735591,0
32.7,10.710484,0
32.8,10.685927,0
32.9,10.658445,0
33.0,10.634639,0
33.1,10.609211,0
33.2,10.584295,0
33.3,10.563106,0
33.4,10.539011,0
33.5,10.512947,0
33.6,10.491146,0
33.7,10.467103,0
33.8,10.446602,0
33.9,10.423357,0
34.0,10.401614,0
34.1,10.382281,0
34.2,10.362544,0
34.3,10.342079,0
34.4,10.319618,0
34.5,10.300997,0
34.6,10.281073,0
34.7,10.263986,0
34.8,10.246002,0
34.9,10.228097,0
35.0,10.212156,0
35.1,10.201262,0
35.2,10.200992,0
35.3,10.225182,0
35.4,10.274008,0
35.5,10.348238,0
35.6,10.442290,0
35.7,10.542295,0
35.8,10.641795,0
35.9,10.729865,0
36.0,10.799236,0
36.1,10.853964,1
36.2,10.892957,0
36.3,10.913197,0
36.4,10.924319,0
36.5,10.918765,0
36.6,10.905010,0
36.7,10.877911,0
36.8,10.843482,0
36.9,10.806485,0
37.0,10.766020,0
37.1,10.718229,0
37.2,10.672173,0
37.3,10.629958,0
37.4,10.589248,0
37.5,10.553777,0
37.6,10.514230,0
37.7,10.479271,0
37.8,10.450706,0
37.9,10.438650,0
38.0,10.477852,0
38.1,10.590124,0
38.2,10.802690,0
38.3,11.110122,0
38.4,11.490128,0
38.5,11.885961,0
38.6,12.249727,0
38.7,12.565725,0
38.8,12.821549,0
38.9,13.003732,0
39.0,13.130505,0
39.1,13.212851,0
39.2,13.256623,0
39.3,13.271456,0
39.4,13.249483,0
39.5,13.198004,0
39.6,13.112359,0
39.7,12.997824,0
39.8,12.865066,0
39.9,12.725288,0
40.0,12.582484,0
40.1,12.446112,0
40.2,12.317391,0
40.3,12.197313,0
40.4,12.083333,0
40.5,11.981858,0
40.6,11.886097,0
40.7,11.797770,0
40.8,11.720425,0
40.9,11.642237,0
41.0,11.576787,0
41.1,11.513830,0
41.2,11.454751,0
41.3,11.400484,0
41.4,11.348011,0
41.5,11.300314,0
41.6,11.258226,0
41.7,11.213660,0
41.8,11.174886,0
41.9,11.135414,0
42.0,11.102316,0
42.1,11.065651,0
42.2,11.032094,0
42.3,11.001102,0
42.4,10.968649,0
42.5,10.938406,0
42.6,10.909716,0
42.7,10.880794,0
42.8,10.854839,0
42.9,10.827913,0
43.0,10.803124,0
43.1,10.777509,0
43.2,10.754318,0
43.3,10.729776,0
43.4,10.706735,0
43.5,10.682884,0
43.6,10.660801,0
43.7,10.638354,0
43.8,10.618667,0
43.9,10.596093,0
44.0,10.579791,0
44.1,10.561058,0
44.2,10.543031,0
44.3,10.526974,0
44.4,10.509437,0
44.5,10.494573,0
44.6,10.476922,0
44.7,10.456898,0
44.8,10.443407,0
44.9,10.424640,0
45.0,10.407577,0
45.1,10.388842,0
45.2,10.372104,0
45.3,10.355333,0
45.4,10.338749,0
45.5,10.321919,0
45.6,10.306226,0
45.7,10.286629,0
45.8,10.272099,0
45.9,10.256140,0
46.0,10.241547,0
46.1,10.226241,0
46.2,10.212436,0
46.3,10.199700,0
46.4,10.184584,0
46.5,10.171860,0
46.6,10.157366,0
46.7,10.140746,0
46.8,10.128068,0
46.9,10.115115,0
47.0,10.102737,0
47.1,10.089740,0
47.2,10.075455,0
47.3,10.063961,0
47.4,10.053124,0
47.5,10.038367,0
47.6,10.025964,0
47.7,10.013427,0
47.8,10.005123,0
47.9,9.991460,1
48.0,9.983523,0
48.1,9.969660,0
48.2,9.961818,0
48.3,9.950438,0
48.4,9.939548,0
48.5,9.928189,0
48.6,9.919223,0
48.7,9.906830,0
48.8,9.895275,0
48.9,9.885735,0
49.0,9.878916,0
49.1,9.869857,0
49.2,9.862916,0
49.3,9.862697,0
49.4,9.865807,0
49.5,9.869424,0
49.6,9.881374,0
49.7,9.922062,0
49.8,10.035575,0
49.9,10.258851,0
50.0,10.615882,0
50.1,11.118942,0
50.2,11.711537,0
50.3,12.330400,0
50.4,12.943725,0
50.5,13.507063,0
50.6,13.984458,0
50.7,14.340866,0
50.8,14.590199,0
50.9,14.753701,0
51.0,14.854013,0
51.1,14.918105,0
51.2,14.958389,0
51.3,14.960019,0
51.4,14.926369,0
51.5,14.851890,0
51.6,14.741757,0
51.7,14.595270,0
51.8,14.434651,0
51.9,14.252622,0
52.0,14.065833,0
52.1,13.886290,0
52.2,13.711229,0
52.3,13.544668,0
52.4,13.387478,0
52.5,13.239250,0
52.6,13.107172,0
52.7,12.980318,0
52.8,12.865027,0
52.9,12.751765,0
53.0,12.642523,0
53.1,12.542521,0
53.2,12.444845,0
53.3,12.354392,0
53.4,12.271152,0
53.5,12.189104,0
53.6,12.109024,0
53.7,12.036862,0
53.8,11.970226,0
53.9,11.900547,0
54.0,11.834036,0
54.1,11.775944,0
54.2,11.720368,0
54.3,11.665205,0
54.4,11.616387,0
54.5,11.566361,0
54.6,11.521159,0
54.7,11.478752,0
54.8,11.435163,0
54.9,11.395709,0
55.0,11.357347,0
55.1,11.321180,0
55.2,11.283739,0
55.3,11.254901,0
55.4,11.219940,0
55.5,11.187091,0
55.6,11.157695,0
55.7,11.125431,0
55.8,11.094537,0
55.9,11.067322,0
56.0,11.037533,0
56.1,11.011890,0
56.2,10.985117,0
56.3,10.960260,0
56.4,10.933966,0
56.5,10.910288,0
56.6,10.885009,0
56.7,10.860331,0
56.8,10.836938,0
56.9,10.815372,0
57.0,10.793803,0
57.1,10.772323,0
57.2,10.750801,0
57.3,10.729411,0
57.4,10.707517,0
57.5,10.686548,0
57.6,10.668223,0
57.7,10.648515,0
57.8,10.630091,0
57.9,10.612861,0
58.0,10.594714,0
58.1,10.575939,0
58.2,10.559001,0
58.3,10.541486,0
58.4,10.523977,0
58.5,10.508067,0
58.6,10.492445,0
58.7,10.473642,0
58.8,10.457723,0
58.9,10.443794,0
59.0,10.427567,0
59.1,10.410746,0
59.2,10.396105,0
59.3,10.382732,0
59.4,10.367037,0
59.5,10.355126,0
59.6,10.338443,0
59.7,10.322601,0
59.8,10.308397,1
59.9,10.292575,0
60.0,10.277223,0
60.1,10.267294,0
60.2,10.252713,0
60.3,10.239001,0
60.4,10.224434,0
60.5,10.210459,0
60.6,10.197600,0
60.7,10.182424,0
60.8,10.170029,0
60.9,10.155606,0
61.0,10.140265,0
61.1,10.127020,0
61.2,10.116340,0
61.3,10.109828,0
61.4,10.100636,0
61.5,10.114438,0
61.6,10.190087,0
61.7,10.364392,0
61.8,10.660823,0
61.9,11.088406,0
62.0,11.629046,0
62.1,12.213029,0
62.2,12.802048,0
62.3,13.332841,0
62.4,13.786416,0
62.5,14.134698,0
62.6,14.390178,0
62.7,14.567897,0
62.8,14.661629,0
62.9,14.704841,0
63.0,14.712181,0
63.1,14.684535,0
63.2,14.626349,0
63.3,14.533821,0
63.4,14.398854,0
63.5,14.231542,0
63.6,14.047173,0
63.7,13.849703,0
63.8,13.652115,0
63.9,13.462356,0
64.0,13.278557,0
64.1,13.109210,0
64.2,12.948100,0
64.3,12.795998,0
64.4,12.657273,0
64.5,12.523322,0
64.6,12.404439,0
64.7,12.294034,0
64.8,12.192180,0
64.9,12.098951,0
65.0,12.010448,0
65.1,11.930450,0
65.2,11.854543,0
65.3,11.786373,0
65.4,11.722950,0
65.5,11.664287,0
65.6,11.607984,0
65.7,11.555527,0
65.8,11.507261,0
65.9,11.460986,0
66.0,11.414880,0
66.1,11.375803,0
66.2,11.335468,0
66.3,11.299321,0
66.4,11.263002,0
66.5,11.231702,0
66.6,11.196076,0
66.7,11.165056,0
66.8,11.134994,0
66.9,11.106112,0
67.0,11.076924,0
67.1,11.051439,0
67.2,11.023827,0
67.3,10.998113,0
67.4,10.973645,0
67.5,10.948656,0
67.6,10.924677,0
67.7,10.901722,0
67.8,10.882037,0
67.9,10.859943,0
68.0,10.840449,0
68.1,10.818044,0
68.2,10.800107,0
68.3,10.780398,0
68.4,10.760356,0
68.5,10.741693,0
68.6,10.724255,1
68.7,10.705222,0
68.8,10.687118,0
68.9,10.667813,0
69.0,10.652183,0
69.1,10.631963,0
69.2,10.613935,0
69.3,10.596994,0
69.4,10.578775,0
69.5,10.560439,0
69.6,10.542544,0
69.7,10.525497,0
69.8,10.510230,0
69.9,10.493971,0
70.0,10.479464,0
70.1,10.461948,0
70.2,10.446517,0
70.3,10.433538,0
70.4,10.418629,0
70.5,10.409958,0
70.6,10.406404,0
70.7,10.417056,0
70.8,10.447575,0
70.9,10.497835,0
71.0,10.561741,0
71.1,10.631327,0
71.2,10.697871,0
71.3,10.760395,0
71.4,10.800924,0
71.5,10.839101,0
71.6,10.864101,0
71.7,10.869987,0
71.8,10.870533,0
71.9,10.858835,0
72.0,10.845116,0
72.1,10.823531,0
72.2,10.796752,0
72.3,10.769019,0
72.4,10.734017,0
72.5,10.700185,0
72.6,10.664498,0
72.7,10.628015,0
72.8,10.596131,0
72.9,10.562360,0
73.0,10.530862,0
73.1,10.501942,0
73.2,10.472393,0
73.3,10.448625,0
73.4,10.421549,0
73.5,10.396894,0
73.6,10.375315,0
73.7,10.351268,0
73.8,10.331581,0
73.9,10.312218,0
74.0,10.294000,0
74.1,10.273017,0
74.2,10.254182,0
74.3,10.233782,0
74.4,10.216709,0
74.5,10.198650,0
74.6,10.184253,0
74.7,10.164257,0
74.8,10.145735,0
74.9,10.134788,0
75.0,10.118971,0
75.1,10.103935,0
75.2,10.088443,0
75.3,10.075820,0
75.4,10.060475,0
75.5,10.044297,0
75.6,10.029758,0
75.7,10.016558,0
75.8,10.006603,0
75.9,9.991585,0
76.0,9.977556,0
76.1,9.967397,0
76.2,9.953164,0
76.3,9.940576,0
76.4,9.928654,0
76.5,9.917931,0
76.6,9.906020,0
76.7,9.893697,0
76.8,9.881575,0
76.9,9.870612,0
77.0,9.861974,0
77.1,9.851107,0
77.2,9.838339,0
77.3,9.829271,0
77.4,9.819393,0
77.5,9.805448,0
77.6,9.797670,0
77.7,9.787492,0
77.8,9.779635,0
77.9,9.767576,0
78.0,9.758171,0
78.1,9.747265,0
78.2,9.739577,0
78.3,9.729596,0
78.4,9.724340,0
78.5,9.711579,0
78.6,9.704508,0
78.7,9.698426,0
78.8,9.690071,0
78.9,9.676757,0
79.0,9.672340,1
79.1,9.666179,0
79.2,9.656510,0
79.3,9.646498,0
79.4,9.638272,0
79.5,9.632679,0
79.6,9.624184,0
79.7,9.621593,0
79.8,9.613459,0
79.9,9.607996,0
80.0,9.598591,0
80.1,9.590438,0
80.2,9.583166,0
80.3,9.573860,0
80.4,9.566443,0
80.5,9.559793,0
80.6,9.553931,0
80.7,9.555833,0
80.8,9.565160,0
80.9,9.595544,0
81.0,9.648129,0
81.1,9.719229,0
81.2,9.809770,0
81.3,9.902880,0
81.4,9.991404,0
81.5,10.073943,0
81.6,10.141445,0
81.7,10.194241,0
81.8,10.236826,0
81.9,10.263123,0
82.0,10.277246,0
82.1,10.284471,0
82.2,10.278358,0
82.3,10.270227,0
82.4,10.251649,0
82.5,10.225427,0
82.6,10.196156,0
82.7,10.163099,0
82.8,10.133128,0
82.9,10.098574,0
83.0,10.068716,0
83.1,10.037870,0
83.2,10.007330,0
83.3,9.981540,0
83.4,9.954563,0
83.5,9.929560,0
83.6,9.904851,0
83.7,9.884618,0
83.8,9.867012,0
83.9,9.844143,0
84.0,9.827190,0
84.1,9.816690,0
84.2,9.795668,0
84.3,9.783938,0
84.4,9.765361,0
84.5,9.755095,0
84.6,9.741489,0
84.7,9.723418,0
84.8,9.716055,0
84.9,9.700929,0
85.0,9.682986,0
85.1,9.671410,0
85.2,9.660962,0
85.3,9.651830,0
85.4,9.636353,0
85.5,9.622445,0
85.6,9.611602,0
85.7,9.597663,0
85.8,9.590033,0
85.9,9.578819,0
86.0,9.569278,0
86.1,9.561733,0
86.2,9.548126,0
86.3,9.540599,0
86.4,9.532770,0
86.5,9.525375,0
86.6,9.519789,0
86.7,9.511165,0
86.8,9.500676,0
86.9,9.488218,0
87.0,9.483312,0
87.1,9.476469,0
87.2,9.464557,0
87.3,9.455579,0
87.4,9.452918,0
87.5,9.442434,0
87.6,9.432170,0
87.7,9.428060,0
87.8,9.417505,0
87.9,9.412804,0
88.0,9.401783,0
88.1,9.400588,0
88.2,9.389969,0
88.3,9.386246,0
88.4,9.376505,0
88.5,9.372431,0
88.6,9.365459,0
88.7,9.357144,0
88.8,9.354023,0
88.9,9.345024,0
89.0,9.339493,0
89.1,9.335517,0
89.2,9.327210,0
89.3,9.321467,0
89.4,9.316507,1
89.5,9.310041,0
89.6,9.302436,0
89.7,9.297178,0
89.8,9.291491,0
89.9,9.284071,0
90.0,9.279794,0
90.1,9.272406,0
90.2,9.268155,0
90.3,9.264049,0
90.4,9.257294,0
90.5,9.252056,0
90.6,9.246773,0
90.7,9.240585,0
90.8,9.238193,0
90.9,9.232180,0
91.0,9.228304,0
91.1,9.224528,0
91.2,9.218543,0
91.3,9.213777,0
91.4,9.211660,0
91.5,9.222641,0
91.6,9.257740,0
91.7,9.325284,0
91.8,9.435838,0
91.9,9.590960,0
92.0,9.777581,0
92.1,9.973422,0
92.2,10.168174,0
92.3,10.348497,0
92.4,10.499117,0
92.5,10.620825,0
92.6,10.718982,0
92.7,10.796754,0
92.8,10.849738,0
92.9,10.878315,0
93.0,10.886677,0
93.1,10.879413,0
93.2,10.853521,0
93.3,10.810943,0
93.4,10.762072,0
93.5,10.707509,0
93.6,10.648818,0
93.7,10.590575,0
93.8,10.534688,0
93.9,10.479144,0
94.0,10.426084,0
94.1,10.377693,0
94.2,10.330507,0
94.3,10.286595,0
94.4,10.245374,0
94.5,10.207849,0
94.6,10.170870,0
94.7,10.136346,0
94.8,10.106077,0
94.9,10.076279,0
95.0,10.047661,0
95.1,10.023451,0
95.2,9.996587,0
95.3,9.975008,0
95.4,9.954524,0
95.5,9.932397,0
95.6,9.913140,0
95.7,9.893776,0
95.8,9.875646,0
95.9,9.861184,0
96.0,9.844365,0
96.1,9.827046,0
96.2,9.808468,0
96.3,9.793810,0
96.4,9.780836,0
96.5,9.765236,0
96.6,9.753445,0
96.7,9.737600,0
96.8,9.723699,0
96.9,9.713283,0
97.0,9.701216,0
97.1,9.685785,0
97.2,9.675853,0
97.3,9.667404,0
97.4,9.651375,0
97.5,9.639981,0
97.6,9.628157,0
97.7,9.617537,0
97.8,9.608528,0
97.9,9.599914,0
98.0,9.588832,0
98.1,9.577000,0
98.2,9.569633,0
98.3,9.559400,0
98.4,9.547070,0
98.5,9.537541,0
98.6,9.524875,0
98.7,9.519559,0
98.8,9.514078,0
98.9,9.504734,0
99.0,9.493295,0
99.1,9.480404,0
99.2,9.475691,0
99.3,9.470685,0
99.4,9.457045,0
99.5,9.450649,0
99.6,9.441961,0
99.7,9.432613,0
99.8,9.429201,0
99.9,9.419494,0
100.0,9.412217,0
100.1,9.406843,0
100.2,9.399786,0
100.3,9.394452,0
100.4,9.386994,0
100.5,9.380512,0
100.6,9.375133,0
100.7,9.367266,0
100.8,9.365916,0
100.9,9.354782,0
101.0,9.349510,0
101.1,9.344989,0
101.2,9.334012,1
101.3,9.331186,0
101.4,9.325001,0
101.5,9.316865,0
101.6,9.311153,0
101.7,9.306036,0
101.8,9.300472,0
101.9,9.293581,0
102.0,9.287132,0
102.1,9.278999,0
102.2,9.274494,0
102.3,9.265886,0
102.4,9.258951,0
102.5,9.254578,0
102.6,9.245795,0
102.7,9.237402,0
102.8,9.231701,0
102.9,9.227426,0
103.0,9.218295,0
103.1,9.214539,0
103.2,9.206547,0
103.3,9.201225,0
103.4,9.195115,0
103.5,9.189319,0
103.6,9.182987,0
103.7,9.179316,0
103.8,9.180673,0
103.9,9.191923,0
104.0,9.213233,0
104.1,9.244710,0
104.2,9.288527,0
104.3,9.342993,0
104.4,9.403481,0
104.5,9.458184,0
104.6,9.507046,0
104.7,9.547900,0
104.8,9.582778,0
104.9,9.607036,0
105.0,9.621409,0
105.1,9.628467,0
105.2,9.627573,0
105.3,9.622412,0
105.4,9.612907,0
105.5,9.600439,0
105.6,9.586112,0
105.7,9.568715,0
105.8,9.549633,0
105.9,9.528527,0
106.0,9.507589,0
106.1,9.488035,0
106.2,9.472307,0
106.3,9.458975,0
106.4,9.453645,0
106.5,9.460465,0
106.6,9.479553,0
106.7,9.509296,0
106.8,9.538290,0
106.9,9.566454,0
107.0,9.594936,0
107.1,9.616834,0
107.2,9.631863,0
107.3,9.644459,0
107.4,9.645884,0
107.5,9.648201,0
107.6,9.646246,0
107.7,9.637991,0
107.8,9.628126,0
107.9,9.611876,0
108.0,9.595035,0
108.1,9.575241,0
108.2,9.554871,0
108.3,9.537686,0
108.4,9.519043,0
108.5,9.497822,0
108.6,9.478434,0
108.7,9.462501,0
108.8,9.444221,0
108.9,9.428664,0
109.0,9.411088,0
109.1,9.397248,0
109.2,9.383219,0
109.3,9.367364,0
109.4,9.355436,0
109.5,9.343658,0
109.6,9.331658,0
109.7,9.316399,0
109.8,9.307259,0
109.9,9.295296,0
110.0,9.283383,0
110.1,9.274862,0
110.2,9.266830,0
110.3,9.256185,0
110.4,9.245690,0
110.5,9.234869,0
110.6,9.224698,0
110.7,9.216173,0
110.8,9.209128,0
110.9,9.199020,0
111.0,9.190203,0
111.1,9.181973,0
111.2,9.172031,0
111.3,9.164096,0
111.4,9.153601,0
111.5,9.147231,0
111.6,9.139426,0
111.7,9.129324,0
111.8,9.124691,0
111.9,9.116224,0
112.0,9.108915,0
112.1,9.102174,0
112.2,9.093644,0
112.3,9.087403,0
112.4,9.079313,0
112.5,9.071306,0
112.6,9.062464,0
112.7,9.055820,0
112.8,9.047311,0
112.9,9.039839,0
113.0,9.032754,0
113.1,9.026755,0
113.2,9.019300,1
113.3,9.013336,0
113.4,9.002588,0
113.5,8.997583,0
113.6,8.991685,0
113.7,8.981272,0
113.8,8.978233,0
113.9,8.968834,0
114.0,8.958689,0
114.1,8.954511,0
114.2,8.945781,0
114.3,8.941115,0
114.4,8.933388,0
114.5,8.927908,0
114.6,8.919656,0
114.7,8.914477,0
114.8,8.907515,0
114.9,8.901845,0
115.0,8.911555,0
115.1,8.943024,0
115.2,9.018360,0
115.3,9.152193,0
115.4,9.352206,0
115.5,9.611706,0
115.6,9.917614,0
115.7,10.270283,0
115.8,10.620007,0
115.9,10.946751,0
116.0,11.279118,0
116.1,11.569392,0
116.2,11.801749,0
116.3,11.992465,0
116.4,12.151273,0
116.5,12.259852,0
116.6,12.344262,0
116.7,12.372683,0
116.8,12.360886,0
116.9,12.321834,0
117.0,12.248671,0
117.1,12.155323,0
117.2,12.056944,0
117.3,11.955162,0
117.4,11.852122,0
117.5,11.749431,0
117.6,11.650843,0
117.7,11.549981,0
117.8,11.456180,0
117.9,11.365612,0
118.0,11.281823,0
118.1,11.202054,0
118.2,11.128635,0
118.3,11.058995,0
118.4,10.989798,0
118.5,10.928614,0
118.6,10.870949,0
118.7,10.816792,0
118.8,10.764565,0
118.9,10.716452,0
119.0,10.670480,0
119.1,10.628411,0
119.2,10.590114,0
119.3,10.552297,0
119.4,10.514165,0
119.5,10.484644,0
119.6,10.452053,0
119.7,10.423523,0
119.8,10.396107,0
119.9,10.369400,0
120.0,10.336464,0
120.1,10.312859,0
120.2,10.288421,0
120.3,10.264979,0
120.4,10.243444,0
120.5,10.221143,0
120.6,10.198166,0
120.7,10.174406,0
120.8,10.155513,0
120.9,10.135431,0
121.0,10.113590,0
121.1,10.095830,0
121.2,10.074807,0
121.3,10.059522,0
121.4,10.041138,0
121.5,10.023037,0
121.6,10.004196,0
121.7,9.987780,0
121.8,9.970010,0
121.9,9.952789,0
122.0,9.935778,1
122.1,9.919825,0
122.2,9.904983,0
122.3,9.890894,0
122.4,9.870995,0
122.5,9.857150,0
122.6,9.841609,0
122.7,9.829016,0
122.8,9.810731,0
122.9,9.797469,0
123.0,9.781786,0
123.1,9.770327,0
123.2,9.754341,0
123.3,9.742668,0
123.4,9.725947,0
123.5,9.716678,0
123.6,9.703404,0
123.7,9.684850,0
123.8,9.676468,0
123.9,9.666714,0
124.0,9.662815,0
124.1,9.669682,0
124.2,9.716529,0
124.3,9.800852,0
124.4,9.926016,0
124.5,10.092445,0
124.6,10.274993,0
124.7,10.455909,0
124.8,10.626976,0
124.9,10.774249,0
125.0,10.891624,0
125.1,10.977445,0
125.2,11.038167,0
125.3,11.075908,0
125.4,11.086280,0
125.5,11.084385,0
125.6,11.058964,0
125.7,11.022103,0
125.8,10.967388,0
125.9,10.910826,0
126.0,10.843782,0
126.1,10.778878,0
126.2,10.711844,0
126.3,10.646419,0
126.4,10.585293,0
126.5,10.534405,0
126.6,10.478470,0
126.7,10.427375,0
126.8,10.378476,0
126.9,10.333684,0
127.0,10.294817,0
127.1,10.254347,0
127.2,10.219023,0
127.3,10.185556,0
127.4,10.151510,0
127.5,10.124731,0
127.6,10.094051,0
127.7,10.068987,0
127.8,10.045635,0
127.9,10.020946,0
128.0,9.998846,0
128.1,9.974977,0
128.2,9.954809,0
128.3,9.936419,0
128.4,9.917137,0
128.5,9.900882,0
128.6,9.880063,0
128.7,9.860762,0
128.8,9.847068,0
128.9,9.827765,0
129.0,9.814422,0
129.1,9.797050,0
129.2,9.783616,0
129.3,9.767331,0
129.4,9.754652,0
129.5,9.737085,0
129.6,9.724081,0
129.7,9.712010,0
129.8,9.698258,0
129.9,9.684326,0
130.0,9.674022,0
130.1,9.661065,0
130.2,9.648487,0
130.3,9.636873,0
130.4,9.622970,0
130.5,9.610617,0
130.6,9.597353,0
130.7,9.587558,0
130.8,9.578570,0
130.9,9.564259,1
131.0,9.550600,0
131.1,9.539985,0
131.2,9.528972,0
131.3,9.519983,0
131.4,9.509262,0
131.5,9.497020,0
131.6,9.486859,0
131.7,9.477138,0
131.8,9.465562,0
131.9,9.456636,0
132.0,9.444422,0
132.1,9.433225,0
132.2,9.424826,0
132.3,9.415332,0
132.4,9.403299,0
132.5,9.395986,0
132.6,9.384747,0
132.7,9.374547,0
132.8,9.367625,0
132.9,9.353557,0
133.0,9.343255,0
133.1,9.335348,0
133.2,9.330417,0
133.3,9.324845,0
133.4,9.314293,0
133.5,9.308203,0
133.6,9.300257,0
133.7,9.293060,0
133.8,9.282171,0
133.9,9.275402,0
134.0,9.268078,0
134.1,9.258378,0
134.2,9.247587,0
134.3,9.239563,0
134.4,9.231620,0
134.5,9.220819,0
134.6,9.213196,0
134.7,9.201557,0
134.8,9.188440,0
134.9,9.185377,0
135.0,9.178649,0
135.1,9.166790,0
135.2,9.158006,0
135.3,9.150300,0
135.4,9.142559,0
135.5,9.131858,0
135.6,9.123258,0
135.7,9.113874,0
135.8,9.106936,0
135.9,9.098980,0
136.0,9.089730,0
136.1,9.080715,0
136.2,9.071141,0
136.3,9.064291,0
136.4,9.054861,0
136.5,9.045838,0
136.6,9.040034,0
136.7,9.028346,0
136.8,9.021865,0
136.9,9.013705,0
137.0,9.006155,0
137.1,8.997032,0
137.2,8.988264,0
137.3,8.980545,0
137.4,8.972095,0
137.5,8.964135,0
137.6,8.955891,0
137.7,8.946930,0
137.8,8.942113,0
137.9,8.931937,0
138.0,8.924083,0
138.1,8.915825,0
138.2,8.905885,0
138.3,8.900092,0
138.4,8.890662,0
138.5,8.883980,0
138.6,8.873810,0
138.7,8.868185,0
138.8,8.860668,0
138.9,8.851130,0
139.0,8.845522,0
139.1,8.837775,0
139.2,8.828938,0
139.3,8.821438,0
139.4,8.812432,0
139.5,8.808585,0
139.6,8.799821,0
139.7,8.793915,0
139.8,8.786859,1
139.9,8.776150,0
140.0,8.771005,0
140.1,8.760303,0
140.2,8.754930,0
140.3,8.748486,0
140.4,8.739428,0
140.5,8.735923,0
140.6,8.725435,0
140.7,8.717856,0
140.8,8.711688,0
140.9,8.703184,0
141.0,8.697903,0
141.1,8.691646,0
141.2,8.683039,0
141.3,8.676220,0
141.4,8.667804,0
141.5,8.663070,0
141.6,8.663811,0
141.7,8.648425,0
141.8,8.644955,0
141.9,8.638391,0
142.0,8.633414,0
142.1,8.629957,0
142.2,8.625551,0
142.3,8.622114,0
142.4,8.617663,0
142.5,8.614953,0
142.6,8.609310,0
142.7,8.605401,0
142.8,8.601096,0
142.9,8.593959,0
143.0,8.587025,0
143.1,8.586081,0
143.2,8.578988,0
143.3,8.575239,0
143.4,8.568801,0
143.5,8.561769,0
143.6,8.553028,0
143.7,8.548905,0
143.8,8.542973,0
143.9,8.534537,0
144.0,8.527377,0
144.1,8.524036,0
144.2,8.515431,0
144.3,8.508530,0
144.4,8.503532,0
144.5,8.494855,0
144.6,8.490062,0
144.7,8.482606,0
144.8,8.474487,0
144.9,8.468439,0
145.0,8.461714,0
145.1,8.457224,0
145.2,8.450105,0
145.3,8.444908,0
145.4,8.438147,0
145.5,8.432656,0
145.6,8.426390,0
145.7,8.418452,0
145.8,8.414236,0
145.9,8.408589,0
146.0,8.402790,0
146.1,8.395947,0
146.2,8.390105,0
146.3,8.385441,0
146.4,8.376369,0
146.5,8.372729,0
146.6,8.367408,0
146.7,8.362395,0
146.8,8.357814,0
146.9,8.352438,0
147.0,8.347053,0
147.1,8.340755,0
147.2,8.335160,0
147.3,8.329526,0
147.4,8.324812,0
147.5,8.319025,0
147.6,8.314575,0
147.7,8.308324,0
147.8,8.304294,0
147.9,8.295749,0
148.0,8.290992,0
148.1,8.286633,0
148.2,8.283439,0
148.3,8.279830,0
148.4,8.272028,0
148.5,8.266141,0
148.6,8.261463,0
148.7,8.256506,1
148.8,8.251488,0
148.9,8.248423,0
149.0,8.243321,0
149.1,8.238829,0
149.2,8.231322,0
149.3,8.226849,0
149.4,8.222095,0
149.5,8.217056,0
149.6,8.212265,0
149.7,8.207130,0
149.8,8.203181,0
149.9,8.196894,0
150.0,8.191068,0
150.1,8.186420,0
150.2,8.182657,0
150.3,8.176314,0
150.4,8.171982,0
150.5,8.168014,0
150.6,8.164104,0
150.7,8.160923,0
150.8,8.157021,0
150.9,8.152381,0
151.0,8.150285,0
151.1,8.148273,0
151.2,8.144405,0
151.3,8.143671,0
151.4,8.144667,0
151.5,8.154128,0
151.6,8.176954,0
151.7,8.209778,0
151.8,8.255085,0
151.9,8.310206,0
152.0,8.371464,0
152.1,8.429155,0
152.2,8.484232,0
152.3,8.532037,0
152.4,8.572423,0
152.5,8.610088,0
152.6,8.635689,0
152.7,8.657332,0
152.8,8.671644,0
152.9,8.680599,0
153.0,8.682176,0
153.1,8.679499,0
153.2,8.672260,0
153.3,8.662310,0
153.4,8.646067,0
153.5,8.629987,0
153.6,8.616661,0
153.7,8.609392,0
153.8,8.604247,0
153.9,8.622916,0
154.0,8.676082,0
154.1,8.777043,0
154.2,8.927924,0
154.3,9.133726,0
154.4,9.390965,0
154.5,9.686197,0
154.6,9.985017,0
154.7,10.268109,0
154.8,10.522564,0
154.9,10.756845,0
155.0,10.925206,0
155.1,11.088884,0
155.2,11.197921,0
155.3,11.280233,0
155.4,11.316019,0
155.5,11.322797,0
155.6,11.286043,0
155.7,11.236263,0
155.8,11.172951,0
155.9,11.102800,0
156.0,11.030940,0
156.1,10.954994,0
156.2,10.891742,0
156.3,10.814740,0
156.4,10.741827,0
156.5,10.674200,0
156.6,10.611163,0
156.7,10.553949,0
156.8,10.503284,0
156.9,10.451956,0
157.0,10.402947,0
157.1,10.360187,0
157.2,10.319717,0
157.3,10.279562,0
157.4,10.241047,0
157.5,10.207452,0
157.6,10.174476,0
157.7,10.140929,0
157.8,10.111987,0
157.9,10.082968,0
158.0,10.055474,0
158.1,10.027967,0
158.2,10.001001,0
158.3,9.977703,0
158.4,9.950749,0
158.5,9.926609,0
158.6,9.901859,0
158.7,9.881969,0
158.8,9.861122,0
158.9,9.839736,0
159.0,9.820792,0
159.1,9.801888,1
159.2,9.781842,0
159.3,9.766632,0
159.4,9.743921,0
159.5,9.730188,0
159.6,9.713125,0
159.7,9.694825,0
159.8,9.679809,0
159.9,9.667716,0
160.0,9.652478,0
160.1,9.633678,0
160.2,9.619045,0
160.3,9.603251,0
160.4,9.589304,0
160.5,9.575781,0
160.6,9.564385,0
160.7,9.557902,0
160.8,9.575870,0
160.9,9.635944,0
161.0,9.768729,0
161.1,9.993582,0
161.2,10.304350,0
161.3,10.685388,0
161.4,11.098948,0
161.5,11.501401,0
161.6,11.861306,0
161.7,12.191727,0
161.8,12.450985,0
161.9,12.648879,0
162.0,12.789163,0
162.1,12.883580,0
162.2,12.941005,0
162.3,12.965200,0
162.4,12.956959,0
162.5,12.912756,0
162.6,12.830319,0
162.7,12.736970,0
162.8,12.636849,0
162.9,12.512552,0
163.0,12.383119,0
163.1,12.253545,0
163.2,12.129176,0
163.3,12.009233,0
163.4,11.895974,0
163.5,11.793147,0
163.6,11.694620,0
163.7,11.601203,0
163.8,11.518376,0
163.9,11.435607,0
164.0,11.360242,0
164.1,11.289348,0
164.2,11.223841,0
164.3,11.165201,0
164.4,11.106890,0
164.5,11.052510,0
164.6,11.002353,0
164.7,10.955158,0
164.8,10.912714,0
164.9,10.871017,0
165.0,10.829597,0
165.1,10.791567,0
165.2,10.755362,0
165.3,10.723028,0
165.4,10.689889,0
165.5,10.659137,0
165.6,10.627767,0
165.7,10.600257,0
165.8,10.573352,0
165.9,10.543975,0
166.0,10.519221,0
166.1,10.494275,0
166.2,10.470874,0
166.3,10.447772,0
166.4,10.422540,0
166.5,10.400975,0
166.6,10.379449,0
166.7,10.359708,0
166.8,10.341508,0
166.9,10.320752,0
167.0,10.300990,0
167.1,10.279496,0
167.2,10.262216,0
167.3,10.242309,0
167.4,10.221143,0
167.5,10.203624,0
167.6,10.182887,0
167.7,10.164849,0
167.8,10.144655,0
167.9,10.126957,0
168.0,10.111625,1
168.1,10.093191,0
168.2,10.074303,0
168.3,10.060900,0
168.4,10.043071,0
168.5,10.027047,0
168.6,10.010831,0
168.7,9.994307,0
168.8,9.982108,0
168.9,9.966466,0
169.0,9.953640,0
169.1,9.936449,0
169.2,9.923631,0
169.3,9.910733,0
169.4,9.894683,0
169.5,9.882409,0
169.6,9.867646,0
169.7,9.853793,0
169.8,9.857586,0
169.9,9.894834,0
170.0,9.992074,0
170.1,10.173587,0
170.2,10.443708,0
170.3,10.798976,0
170.4,11.215565,0
170.5,11.660533,0
170.6,12.097751,0
170.7,12.488480,0
170.8,12.832970,0
170.9,13.120742,0
171.0,13.358753,0
171.1,13.529324,0
171.2,13.651482,0
171.3,13.748200,0
171.4,13.788063,0
171.5,13.775251,0
171.6,13.719173,0
171.7,13.625765,0
171.8,13.510792,0
171.9,13.374592,0
172.0,13.225839,0
172.1,13.081820,0
172.2,12.934072,0
172.3,12.793069,0
172.4,12.657433,0
172.5,12.534618,0
172.6,12.420056,0
172.7,12.318515,0
172.8,12.223226,0
172.9,12.135526,0
173.0,12.051067,0
173.1,11.971528,0
173.2,11.898232,0
173.3,11.829781,0
173.4,11.762012,0
173.5,11.696612,0
173.6,11.631024,0
173.7,11.570609,0
173.8,11.513092,0
173.9,11.454606,0
174.0,11.403097,0
174.1,11.349261,0
174.2,11.299949,0
174.3,11.253970,0
174.4,11.207189,0
174.5,11.165456,0
174.6,11.123936,0
174.7,11.087111,0
174.8,11.051250,0
174.9,11.014888,0
175.0,10.982410,0
175.1,10.949605,0
175.2,10.919805,0
175.3,10.890403,0
175.4,10.861486,0
175.5,10.834191,0
175.6,10.806489,0
175.7,10.780484,0
175.8,10.756885,0
175.9,10.730104,0
176.0,10.706774,0
176.1,10.682104,0
176.2,10.661301,0
176.3,10.640021,0
176.4,10.618874,0
176.5,10.598543,0
176.6,10.578396,0
176.7,10.560399,0
176.8,10.538885,0
176.9,10.518457,0
177.0,10.498804,0
177.1,10.479939,0
177.2,10.464571,0
177.3,10.445975,0
177.4,10.428463,0
177.5,10.411614,0
177.6,10.391053,0
177.7,10.373112,0
177.8,10.359368,0
177.9,10.340813,0
178.0,10.325149,0
178.1,10.306928,0
178.2,10.290853,0
178.3,10.278029,0
178.4,10.261707,1
178.5,10.245607,0
178.6,10.230978,0
178.7,10.214071,0
178.8,10.203468,0
178.9,10.187210,0
179.0,10.173550,0
179.1,10.162001,0
179.2,10.145302,0
179.3,10.131376,0
179.4,10.116231,0
179.5,10.103497,0
179.6,10.090076,0
179.7,10.074995,0
179.8,10.063658,0
179.9,10.047855,0
180.0,10.034956,0
180.1,10.027989,0
180.2,10.048214,0
180.3,10.114257,0
180.4,10.253546,0
180.5,10.477678,0
180.6,10.770391,0
180.7,11.121032,0
180.8,11.487403,0
180.9,11.830914,0
181.0,12.133244,0
181.1,12.393902,0
181.2,12.606422,0
181.3,12.823037,0
181.4,13.064659,0
181.5,13.338787,0
181.6,13.630285,0
181.7,13.901775,0
181.8,14.133611,0
181.9,14.326069,0
182.0,14.448623,0
182.1,14.527832,0
182.2,14.570033,0
182.3,14.559537,0
182.4,14.507897,0
182.5,14.419453,0
182.6,14.294072,0
182.7,14.132431,0
182.8,13.960599,0
182.9,13.774717,0
183.0,13.589615,0
183.1,13.405834,0
183.2,13.229581,0
183.3,13.066183,0
183.4,12.915392,0
183.5,12.776688,0
183.6,12.649739,0
183.7,12.531231,0
183.8,12.423582,0
183.9,12.324830,0
184.0,12.233344,0
184.1,12.149372,0
184.2,12.075064,0
184.3,12.000954,0
184.4,11.935978,0
184.5,11.875059,0
184.6,11.812858,0
184.7,11.760309,0
184.8,11.711908,0
184.9,11.663024,0
185.0,11.618155,0
185.1,11.576722,0
185.2,11.532627,0
185.3,11.497316,0
185.4,11.457180,0
185.5,11.424983,0
185.6,11.387245,0
185.7,11.356246,0
185.8,11.330227,0
185.9,11.294824,0
186.0,11.266622,0
186.1,11.235414,0
186.2,11.209989,0
186.3,11.182109,0
186.4,11.157531,0
186.5,11.133421,0
186.6,11.107690,0
186.7,11.081836,0
186.8,11.060783,0
186.9,11.036212,0
187.0,11.014853,0
187.1,10.991674,0
187.2,10.972806,1
187.3,10.948505,0
187.4,10.928887,0
187.5,10.908759,0
187.6,10.885235,0
187.7,10.867562,0
187.8,10.846453,0
187.9,10.826355,0
188.0,10.807393,0
188.1,10.789606,0
188.2,10.771594,0
188.3,10.754274,0
188.4,10.737854,0
188.5,10.718453,0
188.6,10.698089,0
188.7,10.677295,0
188.8,10.665962,0
188.9,10.661512,0
189.0,10.690771,0
189.1,10.782180,0
189.2,10.948966,0
189.3,11.178773,0
189.4,11.448174,0
189.5,11.737239,0
189.6,12.014735,0
189.7,12.249327,0
189.8,12.428225,0
189.9,12.562408,0
190.0,12.656772,0
190.1,12.713126,0
190.2,12.743788,0
190.3,12.741473,0
190.4,12.708541,0
190.5,12.651680,0
190.6,12.565021,0
190.7,12.465789,0
190.8,12.363762,0
190.9,12.255991,0
191.0,12.151284,0
191.1,12.050077,0
191.2,11.962166,0
191.3,11.875839,0
191.4,11.795547,0
191.5,11.727257,0
191.6,11.662037,0
191.7,11.597392,0
191.8,11.538658,0
191.9,11.487608,0
192.0,11.436817,0
192.1,11.391295,0
192.2,11.347059,0
192.3,11.306568,0
192.4,11.267456,0
192.5,11.230490,0
192.6,11.200361,0
192.7,11.166149,0
192.8,11.136142,0
192.9,11.106576,0
193.0,11.080010,0
193.1,11.051950,0
193.2,11.028250,0
193.3,11.005322,0
193.4,10.982352,0
193.5,10.959319,0
193.6,10.937514,0
193.7,10.916898,0
193.8,10.898763,0
193.9,10.880706,0
194.0,10.861246,0
194.1,10.842078,0
194.2,10.825348,0
194.3,10.807351,0
194.4,10.789556,0
194.5,10.775078,0
194.6,10.760448,0
194.7,10.741690,0
194.8,10.726374,0
194.9,10.713147,0
195.0,10.700043,0
195.1,10.684898,0
195.2,10.670811,0
195.3,10.657253,0
195.4,10.642475,0
195.5,10.630890,0
195.6,10.618234,0
195.7,10.602891,0
195.8,10.592213,0
195.9,10.578045,0
196.0,10.568165,0
196.1,10.551288,0
196.2,10.540434,0
196.3,10.528441,0
196.4,10.515160,0
196.5,10.503224,0
196.6,10.489921,0
196.7,10.478019,0
196.8,10.466094,0
196.9,10.451827,0
197.0,10.439757,0
197.1,10.428153,0
197.2,10.412353,0
197.3,10.401000,0
197.4,10.389572,0
197.5,10.378913,0
197.6,10.365451,0
197.7,10.352551,0
197.8,10.340537,0
197.9,10.327202,0
198.0,10.313873,0
198.1,10.300800,0
198.2,10.291281,0
198.3,10.279255,0
198.4,10.264140,0
198.5,10.250425,0
198.6,10.239716,0
198.7,10.225593,0
198.8,10.213471,0
198.9,10.200020,0
199.0,10.185906,0
199.1,10.177182,1
199.2,10.166417,0
199.3,10.155674,0
199.4,10.145696,0
199.5,10.133237,0
199.6,10.122957,0
199.7,10.110154,0
199.8,10.100699,0
199.9,10.089040,0
200.0,10.079576,0
200.1,10.069108,0
200.2,10.057235,0
200.3,10.047471,0
200.4,10.038024,0
200.5,10.027153,0
200.6,10.020768,0
200.7,10.026512,0
200.8,10.059608,0
200.9,10.151520,0
201.0,10.321289,0
201.1,10.583250,0
201.2,10.920970,0
201.3,11.313989,0
201.4,11.720244,0
201.5,12.122640,0
201.6,12.461818,0
201.7,12.749161,0
201.8,13.002613,0
201.9,13.203617,0
202.0,13.351038,0
202.1,13.431631,0
202.2,13.467543,0
202.3,13.462233,0
202.4,13.416450,0
202.5,13.332276,0
202.6,13.225458,0
202.7,13.105936,0
202.8,12.975550,0
202.9,12.848577,0
203.0,12.723637,0
203.1,12.606225,0
203.2,12.490096,0
203.3,12.384469,0
203.4,12.282168,0
203.5,12.191389,0
203.6,12.105391,0
203.7,12.024962,0
203.8,11.950806,0
203.9,11.882755,0
204.0,11.822233,0
204.1,11.762351,0
204.2,11.709879,0
204.3,11.658809,0
204.4,11.609465,0
204.5,11.564075,0
204.6,11.522722,0
204.7,11.484435,0
204.8,11.449265,0
204.9,11.412820,0
205.0,11.380022,0
205.1,11.345814,0
205.2,11.312824,0
205.3,11.286976,0
205.4,11.256623,0
205.5,11.229710,0
205.6,11.200787,0
205.7,11.173231,0
205.8,11.148303,0
205.9,11.125812,0
206.0,11.099230,0
206.1,11.076144,0
206.2,11.053209,0
206.3,11.032011,0
206.4,11.006366,0
206.5,10.987063,0
206.6,10.963790,0
206.7,10.942640,0
206.8,10.922774,0
206.9,10.900867,0
207.0,10.878311,0
207.1,10.862541,0
207.2,10.843580,0
207.3,10.822752,0
207.4,10.803914,0
207.5,10.785925,0
207.6,10.766278,0
207.7,10.751331,0
207.8,10.735395,0
207.9,10.716345,0
208.0,10.703508,0
208.1,10.684604,0
208.2,10.671362,0
208.3,10.655105,0
208.4,10.639551,0
208.5,10.627210,0
208.6,10.610982,0
208.7,10.597456,0
208.8,10.584059,0
208.9,10.570399,0
209.0,10.556506,0
209.1,10.544972,0
209.2,10.528987,0
209.3,10.516742,0
209.4,10.505530,0
209.5,10.493805,1
209.6,10.480382,0
209.7,10.467593,0
209.8,10.458115,0
209.9,10.444542,0
210.0,10.432232,0
210.1,10.422180,0
210.2,10.410102,0
210.3,10.400077,0
210.4,10.388072,0
210.5,10.379707,0
210.6,10.366119,0
210.7,10.353929,0
210.8,10.342529,0
210.9,10.330120,0
211.0,10.318742,0
211.1,10.310451,0
211.2,10.303209,0
211.3,10.306093,0
211.4,10.338663,0
211.5,10.428906,0
211.6,10.595225,0
211.7,10.839931,0
211.8,11.154047,0
211.9,11.504716,0
212.0,11.850989,0
212.1,12.168980,0
212.2,12.426412,0
212.3,12.630866,0
212.4,12.777289,0
212.5,12.881267,0
212.6,12.951549,0
212.7,12.984065,0
212.8,12.977816,0
212.9,12.942169,0
213.0,12.878286,0
213.1,12.787220,0
213.2,12.681562,0
213.3,12.568106,0
213.4,12.447625,0
213.5,12.337747,0
213.6,12.233003,0
213.7,12.131582,0
213.8,12.039054,0
213.9,11.949589,0
214.0,11.873553,0
214.1,11.797463,0
214.2,11.730752,0
214.3,11.674313,0
214.4,11.640045,0
214.5,11.642150,0
214.6,11.686299,0
214.7,11.768406,0
214.8,11.876980,0
214.9,11.992719,0
215.0,12.094069,0
215.1,12.172686,0
215.2,12.229013,0
215.3,12.261243,0
215.4,12.270618,0
215.5,12.267610,0
215.6,12.251398,0
215.7,12.213299,0
215.8,12.169166,0
215.9,12.106120,0
216.0,12.038537,0
216.1,11.963438,0
216.2,11.890538,0
216.3,11.816240,0
216.4,11.729095,0
216.5,11.653307,0
216.6,11.593847,0
216.7,11.536482,0
216.8,11.486075,0
216.9,11.437289,0
217.0,11.397827,0
217.1,11.358938,0
217.2,11.317823,0
217.3,11.282602,0
217.4,11.245171,0
217.5,11.214708,0
217.6,11.182525,0
217.7,11.153063,0
217.8,11.125430,0
217.9,11.098435,0
218.0,11.074749,0
218.1,11.051683,0
218.2,11.027050,0
218.3,11.004073,0
218.4,10.982860,0
218.5,10.962183,0
218.6,10.939744,0
218.7,10.919033,0
218.8,10.900443,0
218.9,10.880244,0
219.0,10.862813,0
219.1,10.845513,0
219.2,10.826269,0
219.3,10.808734,0
219.4,10.792008,0
219.5,10.775323,0
219.6,10.759164,0
219.7,10.744367,0
219.8,10.729466,0
219.9,10.712154,0
220.0,10.696771,0
220.1,10.684219,0
220.2,10.666477,0
220.3,10.655602,0
220.4,10.639267,0
220.5,10.627053,0
220.6,10.614692,0
220.7,10.599832,0
220.8,10.588397,0
220.9,10.575022,0
221.0,10.562095,0
221.1,10.547886,0
221.2,10.537200,0
221.3,10.523627,0
221.4,10.513026,1
221.5,10.499604,0
221.6,10.486126,0
221.7,10.476276,0
221.8,10.465223,0
221.9,10.452764,0
222.0,10.441842,0
222.1,10.427416,0
222.2,10.417692,0
222.3,10.405291,0
222.4,10.395356,0
222.5,10.382523,0
222.6,10.370748,0
222.7,10.357804,0
222.8,10.346929,0
222.9,10.334367,0
223.0,10.325678,0
223.1,10.313620,0
223.2,10.305165,0
223.3,10.293390,0
223.4,10.286591,0
223.5,10.284649,0
223.6,10.291918,0
223.7,10.308728,0
223.8,10.332325,0
223.9,10.367291,0
224.0,10.402880,0
224.1,10.437039,0
224.2,10.466151,0
224.3,10.492671,0
224.4,10.507185,0
224.5,10.517975,0
224.6,10.523669,0
224.7,10.517605,0
224.8,10.512955,0
224.9,10.502598,0
225.0,10.488058,0
225.1,10.469823,0
225.2,10.451186,0
225.3,10.429197,0
225.4,10.408570,0
225.5,10.389031,0
225.6,10.366409,0
225.7,10.346612,0
225.8,10.326543,0
225.9,10.308138,0
226.0,10.287957,0
226.1,10.271512,0
226.2,10.255346,0
226.3,10.238377,0
226.4,10.223439,0
226.5,10.207146,0
226.6,10.193741,0
226.7,10.178469,0
226.8,10.164929,0
226.9,10.149781,0
227.0,10.137808,0
227.1,10.124942,0
227.2,10.112157,0
227.3,10.099031,0
227.4,10.086871,0
227.5,10.077153,0
227.6,10.063757,0
227.7,10.054363,0
227.8,10.048074,0
227.9,10.034730,0
228.0,10.025423,0
228.1,10.014506,0
228.2,10.001935,0
228.3,9.992069,0
228.4,9.982781,0
228.5,9.974214,0
228.6,9.961700,0
228.7,9.952580,0
228.8,9.944601,0
228.9,9.933649,0
229.0,9.927070,0
229.1,9.918032,0
229.2,9.908554,0
229.3,9.902995,0
229.4,9.893336,0
229.5,9.884955,0
229.6,9.877665,0
229.7,9.868221,0
229.8,9.860938,0
229.9,9.852316,0
230.0,9.845717,0
230.1,9.839113,0
230.2,9.829596,0
230.3,9.828183,1
230.4,9.820180,0
230.5,9.813750,0
230.6,9.811588,0
230.7,9.804765,0
230.8,9.796020,0
230.9,9.790281,0
231.0,9.781700,0
231.1,9.776898,0
231.2,9.766479,0
231.3,9.761016,0
231.4,9.752175,0
231.5,9.744542,0
231.6,9.738427,0
231.7,9.727957,0
231.8,9.722342,0
231.9,9.713123,0
232.0,9.706165,0
232.1,9.701682,0
232.2,9.702221,0
232.3,9.715426,0
232.4,9.756585,0
232.5,9.832332,0
232.6,9.950448,0
232.7,10.116265,0
232.8,10.305427,0
232.9,10.499024,0
233.0,10.686191,0
233.1,10.859912,0
233.2,10.997761,0
233.3,11.102757,0
233.4,11.178528,0
233.5,11.232399,0
233.6,11.265129,0
233.7,11.267165,0
233.8,11.254250,0
233.9,11.222950,0
234.0,11.181846,0
234.1,11.128783,0
234.2,11.075934,0
234.3,11.016554,0
234.4,10.956879,0
234.5,10.901702,0
234.6,10.846422,0
234.7,10.794129,0
234.8,10.748412,0
234.9,10.706428,0
235.0,10.667121,0
235.1,10.624724,0
235.2,10.589174,0
235.3,10.558737,0
235.4,10.526671,0
235.5,10.498723,0
235.6,10.470454,0
235.7,10.441543,0
235.8,10.419212,0
235.9,10.395407,0
236.0,10.372852,0
236.1,10.352965,0
236.2,10.332891,0
236.3,10.313824,0
236.4,10.294380,0
236.5,10.280579,0
236.6,10.262394,0
236.7,10.246679,0
236.8,10.232454,0
236.9,10.215869,0
237.0,10.202883,0
237.1,10.187570,0
237.2,10.172700,0
237.3,10.158567,0
237.4,10.144365,0
237.5,10.130409,0
237.6,10.118034,0
237.7,10.102533,0
237.8,10.091750,0
237.9,10.081243,0
238.0,10.068332,0
238.1,10.054904,0
238.2,10.044303,0
238.3,10.033829,0
238.4,10.020891,0
238.5,10.011900,0
238.6,9.999488,0
238.7,9.987298,0
238.8,9.976368,0
238.9,9.963378,0
239.0,9.953705,0
239.1,9.942429,0
239.2,9.931129,0
239.3,9.919678,0
239.4,9.908330,0
239.5,9.897678,0
239.6,9.885896,0
239.7,9.872294,0
239.8,9.864460,0
239.9,9.855266,0
240.0,9.844065,0
240.1,9.830543,0
240.2,9.821760,0
240.3,9.812586,0
240.4,9.800654,0
240.5,9.793968,0
240.6,9.781847,0
240.7,9.775463,0
240.8,9.764526,0
240.9,9.759011,0
241.0,9.745825,0
241.1,9.741094,0
241.2,9.730828,0
241.3,9.725020,0
241.4,9.714410,0
241.5,9.707019,0
241.6,9.701380,0
241.7,9.692129,0
241.8,9.683578,0
241.9,9.678599,0
242.0,9.672571,0
242.1,9.661182,1
242.2,9.653087,0
242.3,9.646806,0
242.4,9.642389,0
242.5,9.639457,0
242.6,9.631018,0
242.7,9.624085,0
242.8,9.618910,0
242.9,9.612993,0
243.0,9.607978,0
243.1,9.601858,0
243.2,9.597537,0
243.3,9.591950,0
243.4,9.585375,0
243.5,9.579930,0
243.6,9.570735,0
243.7,9.565257,0
243.8,9.559041,0
243.9,9.559526,0
244.0,9.573695,0
244.1,9.600336,0
244.2,9.647115,0
244.3,9.713445,0
244.4,9.784495,0
244.5,9.865424,0
244.6,9.934581,0
244.7,9.990323,0
244.8,10.039490,0
244.9,10.073417,0
245.0,10.097362,0
245.1,10.111178,0
245.2,10.123711,0
245.3,10.122790,0
245.4,10.115373,0
245.5,10.103775,0
245.6,10.084349,0
245.7,10.060831,0
245.8,10.039334,0
245.9,10.014812,0
246.0,9.991799,0
246.1,9.965577,0
246.2,9.944382,0
246.3,9.921118,0
246.4,9.897242,0
246.5,9.886050,0
246.6,9.866967,0
246.7,9.846745,0
246.8,9.831966,0
246.9,9.811165,0
247.0,9.797419,0
247.1,9.779693,0
247.2,9.769825,0
247.3,9.753662,0
247.4,9.735561,0
247.5,9.726749,0
247.6,9.713148,0
247.7,9.698851,0
247.8,9.690185,0
247.9,9.677065,0
248.0,9.666968,0
248.1,9.653892,0
248.2,9.641428,0
248.3,9.631828,0
248.4,9.620807,0
248.5,9.609212,0
248.6,9.598461,0
248.7,9.585209,0
248.8,9.577714,0
248.9,9.566138,0
249.0,9.557509,0
249.1,9.547531,0
249.2,9.539914,0
249.3,9.524137,0
249.4,9.512433,0
249.5,9.505558,0
249.6,9.496460,0
249.7,9.484014,0
249.8,9.475362,0
249.9,9.467178,0
250.0,9.456048,0
250.1,9.446847,0
250.2,9.440702,0
250.3,9.429161,0
250.4,9.422256,0
250.5,9.408380,0
250.6,9.404242,0
250.7,9.390985,0
250.8,9.386643,0
250.9,9.373625,0
251.0,9.370514,1
251.1,9.357827,0
251.2,9.351629,0
251.3,9.344840,0
251.4,9.335487,0
251.5,9.328282,0
251.6,9.321721,0
251.7,9.310964,0
251.8,9.307472,0
251.9,9.301643,0
252.0,9.292830,0
252.1,9.284283,0
252.2,9.277799,0
252.3,9.271258,0
252.4,9.263727,0
252.5,9.257493,0
252.6,9.250248,0
252.7,9.241361,0
252.8,9.240847,0
252.9,9.262084,0
253.0,9.328068,0
253.1,9.452321,0
253.2,9.654883,0
253.3,9.942156,0
253.4,10.275907,0
253.5,10.636353,0
253.6,10.998574,0
253.7,11.345316,0
253.8,11.633576,0
253.9,11.880810,0
254.0,12.090916,0
254.1,12.226087,0
254.2,12.323249,0
254.3,12.381931,0
254.4,12.401379,0
254.5,12.374565,0
254.6,12.315056,0
254.7,12.232122,0
254.8,12.139139,0
254.9,12.040334,0
255.0,11.937429,0
255.1,11.830720,0
255.2,11.725099,0
255.3,11.629031,0
255.4,11.540038,0
255.5,11.452638,0
255.6,11.374664,0
255.7,11.299984,0
255.8,11.233347,0
255.9,11.168609,0
256.0,11.110190,0
256.1,11.056301,0
256.2,11.003286,0
256.3,10.960254,0
256.4,10.917060,0
256.5,10.874159,0
256.6,10.836110,0
256.7,10.797816,0
256.8,10.759676,0
256.9,10.728778,0
257.0,10.698359,0
257.1,10.669287,0
257.2,10.642363,0
257.3,10.618227,0
257.4,10.591371,0
257.5,10.566726,0
257.6,10.543425,0
257.7,10.518163,0
257.8,10.496870,0
257.9,10.474307,0
258.0,10.455652,0
258.1,10.433477,0
258.2,10.413743,0
258.3,10.394028,0
258.4,10.374700,0
258.5,10.355477,0
258.6,10.336505,0
258.7,10.320735,0
258.8,10.303577,0
258.9,10.286030,0
259.0,10.271723,0
259.1,10.250534,0
259.2,10.236094,0
259.3,10.218987,0
259.4,10.198760,0
259.5,10.182106,0
259.6,10.165460,0
259.7,10.150935,0
259.8,10.139396,0
259.9,10.124912,0
260.0,10.111995,0
260.1,10.096970,0
260.2,10.082474,0
260.3,10.070308,0
260.4,10.054906,0
260.5,10.043575,0
260.6,10.027134,0
260.7,10.012212,0
260.8,10.001856,0
260.9,9.984332,0
261.0,9.973883,0
261.1,9.958677,0
261.2,9.944695,0
261.3,9.931530,0
261.4,9.914326,0
261.5,9.902728,0
261.6,9.889102,0
261.7,9.879325,0
261.8,9.866976,0
261.9,9.851508,0
262.0,9.839956,0
262.1,9.826773,0
262.2,9.813618,0
262.3,9.802041,0
262.4,9.790790,0
262.5,9.778133,0
262.6,9.768622,0
262.7,9.753085,0
262.8,9.746133,0
262.9,9.730509,1
263.0,9.719002,0
263.1,9.709870,0
263.2,9.695932,0
263.3,9.685415,0
263.4,9.674942,0
263.5,9.672186,0
263.6,9.666268,0
263.7,9.658746,0
263.8,9.657702,0
263.9,9.658821,0
264.0,9.660669,0
264.1,9.654625,0
264.2,9.646776,0
264.3,9.640331,0
264.4,9.635206,0
264.5,9.636905,0
264.6,9.639358,0
264.7,9.669666,0
264.8,9.758211,0
264.9,9.931181,0
265.0,10.203363,0
265.1,10.564461,0
265.2,10.989231,0
265.3,11.465501,0
265.4,11.936356,0
265.5,12.354912,0
265.6,12.697788,0
265.7,12.987318,0
265.8,13.189650,0
265.9,13.324758,0
266.0,13.409113,0
266.1,13.437442,0
266.2,13.433417,0
266.3,13.399806,0
266.4,13.329794,0
266.5,13.232743,0
266.6,13.104672,0
266.7,12.973020,0
266.8,12.835507,0
266.9,12.691128,0
267.0,12.552709,0
267.1,12.419215,0
267.2,12.297926,0
267.3,12.178158,0
267.4,12.071417,0
267.5,11.971332,0
267.6,11.876847,0
267.7,11.790934,0
267.8,11.709448,0
267.9,11.635977,0
268.0,11.569201,0
268.1,11.503231,0
268.2,11.443999,0
268.3,11.385645,0
268.4,11.330613,0
268.5,11.283357,0
268.6,11.233468,0
268.7,11.189506,0
268.8,11.147904,0
268.9,11.106989,0
269.0,11.070240,0
269.1,11.034115,0
269.2,10.999237,0
269.3,10.964684,0
269.4,10.931527,0
269.5,10.904375,0
269.6,10.875209,0
269.7,10.846299,0
269.8,10.821320,0
269.9,10.794382,0
270.0,10.769299,0
270.1,10.741389,0
270.2,10.719789,0
270.3,10.695445,0
270.4,10.673958,0
270.5,10.651647,0
270.6,10.627593,0
270.7,10.609558,0
270.8,10.588335,0
270.9,10.567553,0
271.0,10.548584,0
271.1,10.529397,0
271.2,10.509136,0
271.3,10.488924,0
271.4,10.470545,0
271.5,10.452354,0
271.6,10.434737,0
271.7,10.412563,0
271.8,10.396361,0
271.9,10.377445,0
272.0,10.362625,0
272.1,10.344634,0
272.2,10.324570,0
272.3,10.309143,0
272.4,10.291771,0
272.5,10.277759,0
272.6,10.261514,0
272.7,10.245138,0
272.8,10.230869,0
272.9,10.215929,0
273.0,10.202014,0
273.1,10.188158,0
273.2,10.174910,0
273.3,10.160988,1
273.4,10.145673,0
273.5,10.131810,0
273.6,10.115279,0
273.7,10.098251,0
273.8,10.086434,0
273.9,10.069172,0
274.0,10.053514,0
274.1,10.040165,0
274.2,10.024219,0
274.3,10.008179,0
274.4,9.993975,0
274.5,9.980709,0
274.6,9.964592,0
274.7,9.946637,0
274.8,9.932794,0
274.9,9.916916,0
275.0,9.908987,0
275.1,9.917051,0
275.2,9.963520,0
275.3,10.072648,0
275.4,10.250233,0
275.5,10.504942,0
275.6,10.825016,0
275.7,11.176834,0
275.8,11.526575,0
275.9,11.833331,0
276.0,12.100925,0
276.1,12.325093,0
276.2,12.502431,0
276.3,12.629110,0
276.4,12.710581,0
276.5,12.747122,0
276.6,12.749902,0
276.7,12.708976,0
276.8,12.644173,0
276.9,12.556928,0
277.0,12.454179,0
277.1,12.341368,0
277.2,12.229498,0
277.3,12.118066,0
277.4,12.008054,0
277.5,11.902849,0
277.6,11.806314,0
277.7,11.716472,0
277.8,11.629559,0
277.9,11.547924,0
278.0,11.474354,0
278.1,11.404203,0
278.2,11.342048,0
278.3,11.284737,0
278.4,11.226788,0
278.5,11.175826,0
278.6,11.127779,0
278.7,11.082074,0
278.8,11.040860,0
278.9,11.000698,0
279.0,10.960265,0
279.1,10.927162,0
279.2,10.894937,0
279.3,10.862344,0
279.4,10.831188,0
279.5,10.801663,0
279.6,10.774588,0
279.7,10.745754,0
279.8,10.721115,0
279.9,10.693682,0
280.0,10.669712,0
280.1,10.647335,0
280.2,10.623234,0
280.3,10.603458,0
280.4,10.585983,0
280.5,10.562830,0
280.6,10.543688,0
280.7,10.524655,0
280.8,10.508749,0
280.9,10.487919,0
281.0,10.469008,0
281.1,10.452543,0
281.2,10.433428,0
281.3,10.417761,0
281.4,10.399285,0
281.5,10.381967,0
281.6,10.368679,0
281.7,10.352791,0
281.8,10.336664,0
281.9,10.320032,0
282.0,10.306441,0
282.1,10.291013,0
282.2,10.275898,1
282.3,10.260001,0
282.4,10.245983,0
282.5,10.231849,0
282.6,10.216000,0
282.7,10.198316,0
282.8,10.185599,0
282.9,10.170569,0
283.0,10.155694,0
283.1,10.138243,0
283.2,10.125493,0
283.3,10.110139,0
283.4,10.093858,0
283.5,10.079299,0
283.6,10.062648,0
283.7,10.048103,0
283.8,10.036030,0
283.9,10.030967,0
284.0,10.047013,0
284.1,10.097754,0
284.2,10.192131,0
284.3,10.333068,0
284.4,10.516578,0
284.5,10.719918,0
284.6,10.921108,0
284.7,11.092268,0
284.8,11.239010,0
284.9,11.354387,0
285.0,11.441212,0
285.1,11.496323,0
285.2,11.529286,0
285.3,11.534173,0
285.4,11.517248,0
285.5,11.477329,0
285.6,11.423168,0
285.7,11.359558,0
285.8,11.284534,0
285.9,11.210596,0
286.0,11.141668,0
286.1,11.072195,0
286.2,11.007988,0
286.3,10.951160,0
286.4,10.893103,0
286.5,10.842076,0
286.6,10.793687,0
286.7,10.751227,0
286.8,10.713231,0
286.9,10.673714,0
287.0,10.639837,0
287.1,10.608467,0
287.2,10.578560,0
287.3,10.548488,0
287.4,10.521580,0
287.5,10.498119,0
287.6,10.472710,0
287.7,10.454224,0
287.8,10.432715,0
287.9,10.413673,0
288.0,10.394867,0
288.1,10.374792,0
288.2,10.357730,0
288.3,10.340181,0
288.4,10.324743,0
288.5,10.309109,0
288.6,10.291849,0
288.7,10.279376,0
288.8,10.264364,0
288.9,10.249598,0
289.0,10.237762,0
289.1,10.225353,0
289.2,10.210188,0
289.3,10.195905,0
289.4,10.182861,0
289.5,10.174045,0
289.6,10.158788,0
289.7,10.147902,0
289.8,10.134922,0
289.9,10.121504,0
290.0,10.108646,0
290.1,10.093621,0
290.2,10.082152,0
290.3,10.071783,0
290.4,10.058248,0
290.5,10.042313,0
290.6,10.029077,0
290.7,10.016907,0
290.8,10.003066,0
290.9,9.989533,0
291.0,9.975672,0
291.1,9.961265,0
291.2,9.946641,0
291.3,9.932715,0
291.4,9.919215,0
291.5,9.906325,0
291.6,9.891668,0
291.7,9.879639,0
291.8,9.869847,0
291.9,9.856555,0
292.0,9.844316,0
292.1,9.833566,0
292.2,9.824004,0
292.3,9.813090,0
292.4,9.802154,0
292.5,9.798719,0
292.6,9.788316,1
292.7,9.781666,0
292.8,9.772668,0
292.9,9.764726,0
293.0,9.758358,0
293.1,9.752184,0
293.2,9.745358,0
293.3,9.741009,0
293.4,9.733349,0
293.5,9.731145,0
293.6,9.719025,0
293.7,9.715449,0
293.8,9.707863,0
293.9,9.701618,0
294.0,9.697091,0
294.1,9.694486,0
294.2,9.688803,0
294.3,9.703491,0
294.4,9.749075,0
294.5,9.842841,0
294.6,10.000061,0
294.7,10.212132,0
294.8,10.475413,0
294.9,10.758111,0
295.0,11.028666,0
295.1,11.276030,0
295.2,11.481023,0
295.3,11.651837,0
295.4,11.776335,0
295.5,11.863287,0
295.6,11.916288,0
295.7,11.937125,0
295.8,11.926128,0
295.9,11.885716,0
296.0,11.821450,0
296.1,11.739041,0
296.2,11.651838,0
296.3,11.561324,0
296.4,11.470597,0
296.5,11.385597,0
296.6,11.303614,0
296.7,11.230726,0
296.8,11.161454,0
296.9,11.094423,0
297.0,11.035860,0
297.1,10.981353,0
297.2,10.930941,0
297.3,10.885949,0
297.4,10.843964,0
297.5,10.807534,0
297.6,10.771279,0
297.7,10.736460,0
297.8,10.707521,0
297.9,10.679920,0
298.0,10.652407,0
298.1,10.625863,0
298.2,10.601848,0
298.3,10.579214,0
298.4,10.558033,0
298.5,10.537842,0
298.6,10.519890,0
298.7,10.502152,0
298.8,10.485313,0
298.9,10.467133,0
299.0,10.451155,0
299.1,10.433922,0
299.2,10.419202,0
299.3,10.404390,0
299.4,10.391574,0
299.5,10.374173,0
299.6,10.359956,0
299.7,10.342900,0
299.8,10.330406,0
299.9,10.317800,0
300.0,10.301795,0
300.1,10.284065,0
300.2,10.271212,0
300.3,10.260695,0
300.4,10.242530,0
300.5,10.226450,0
300.6,10.212568,0
300.7,10.198253,0
300.8,10.183005,0
300.9,10.166153,0
301.0,10.152361,0
301.1,10.135759,0
301.2,10.122717,0
301.3,10.107529,0
301.4,10.095468,0
301.5,10.080134,0
301.6,10.066563,0
301.7,10.053227,0
301.8,10.044958,0
301.9,10.030782,0
302.0,10.022307,0
302.1,10.009526,0
302.2,9.999964,0
302.3,9.990937,0
302.4,9.984482,0
302.5,9.972559,0
302.6,9.965228,0
302.7,9.958166,0
302.8,9.950353,0
302.9,9.942568,0
303.0,9.935791,1
303.1,9.928567,0
303.2,9.920381,0
303.3,9.914778,0
303.4,9.904773,0
303.5,9.901321,0
303.6,9.893079,0
303.7,9.884933,0
303.8,9.880366,0
303.9,9.873617,0
304.0,9.865166,0
304.1,9.857673,0
304.2,9.851502,0
304.3,9.846181,0
304.4,9.836481,0
304.5,9.830166,0
304.6,9.818305,0
304.7,9.811506,0
304.8,9.815744,0
304.9,9.822284,0
305.0,9.819016,0
305.1,9.809126,0
305.2,9.799801,0
305.3,9.793543,0
305.4,9.785606,0
305.5,9.782889,0
305.6,9.774787,0
305.7,9.772277,0
305.8,9.766801,0
305.9,9.760866,0
306.0,9.762066,0
306.1,9.763720,0
306.2,9.767915,0
306.3,9.780416,0
306.4,9.791359,0
306.5,9.807249,0
306.6,9.816642,0
306.7,9.824245,0
306.8,9.833172,0
306.9,9.835019,0
307.0,9.833105,0
307.1,9.832892,0
307.2,9.828908,0
307.3,9.819849,0
307.4,9.813054,0
307.5,9.806148,0
307.6,9.791710,0
307.7,9.785200,0
307.8,9.774072,0
307.9,9.764629,0
308.0,9.753054,0
308.1,9.744432,0
308.2,9.733182,0
308.3,9.728477,0
308.4,9.716045,0
308.5,9.707109,0
308.6,9.703470,0
308.7,9.695199,0
308.8,9.683344,0
308.9,9.677858,0
309.0,9.671557,0
309.1,9.663323,0
309.2,9.657802,0
309.3,9.650336,0
309.4,9.643022,0
309.5,9.639262,0
309.6,9.629913,0
309.7,9.623716,0
309.8,9.615628,0
309.9,9.610203,0
310.0,9.602234,0
310.1,9.594921,0
310.2,9.585942,0
310.3,9.577895,0
310.4,9.567516,0
310.5,9.559961,0
310.6,9.550685,0
310.7,9.540278,0
310.8,9.533261,0
310.9,9.523799,0
311.0,9.515144,0
311.1,9.505495,0
311.2,9.495156,0
311.3,9.488754,0
311.4,9.476655,0
311.5,9.466538,0
311.6,9.459834,0
311.7,9.449323,0
311.8,9.438480,0
311.9,9.433525,0
312.0,9.421078,0
312.1,9.413893,0
312.2,9.405422,0
312.3,9.398508,0
312.4,9.390136,0
312.5,9.383058,0
312.6,9.376647,0
312.7,9.369424,0
312.8,9.361161,0
312.9,9.357975,0
313.0,9.349419,0
313.1,9.345036,0
313.2,9.339213,0
313.3,9.333988,0
313.4,9.329995,0
313.5,9.322949,0
313.6,9.317259,0
313.7,9.314651,0
313.8,9.310262,0
313.9,9.303531,0
314.0,9.302390,0
314.1,9.297482,0
314.2,9.292374,0
314.3,9.287483,0
314.4,9.283127,0
314.5,9.280436,0
314.6,9.273387,0
314.7,9.270379,0
314.8,9.263576,1
314.9,9.264448,0
315.0,9.261057,0
315.1,9.253822,0
315.2,9.250894,0
315.3,9.245568,0
315.4,9.244086,0
315.5,9.238320,0
315.6,9.232631,0
315.7,9.228733,0
315.8,9.225898,0
315.9,9.218628,0
316.0,9.214876,0
316.1,9.207028,0
316.2,9.204560,0
316.3,9.198155,0
316.4,9.191151,0
316.5,9.187625,0
316.6,9.180180,0
316.7,9.175444,0
316.8,9.171391,0
316.9,9.164589,0
317.0,9.163485,0
317.1,9.156359,0
317.2,9.152989,0
317.3,9.147113,0
317.4,9.142099,0
317.5,9.137091,0
317.6,9.130125,0
317.7,9.123726,0
317.8,9.120089,0
317.9,9.112957,0
318.0,9.107839,0
318.1,9.098557,0
318.2,9.093975,0
318.3,9.086108,0
318.4,9.078654,0
318.5,9.072397,0
318.6,9.063144,0
318.7,9.055351,0
318.8,9.047304,0
318.9,9.040457,0
319.0,9.033026,0
319.1,9.025643,0
319.2,9.017708,0
319.3,9.009844,0
319.4,9.005211,0
319.5,8.998437,0
319.6,8.991493,0
319.7,8.984356,0
319.8,8.978768,0
319.9,8.971207,0
320.0,8.965796,0
320.1,8.960698,0
320.2,8.955417,0
320.3,8.950293,0
320.4,8.947205,0
320.5,8.940518,0
320.6,8.934987,0
320.7,8.931143,0
320.8,8.928723,0
320.9,8.923195,0
321.0,8.919736,0
321.1,8.914308,0
321.2,8.914170,0
321.3,8.909315,0
321.4,8.904641,0
321.5,8.908519,0
321.6,8.901293,0
321.7,8.897206,0
321.8,8.895119,0
321.9,8.891363,0
322.0,8.887604,0
322.1,8.881613,0
322.2,8.881227,0
322.3,8.877278,0
322.4,8.877338,0
322.5,8.876582,0
322.6,8.871173,0
322.7,8.871106,0
322.8,8.868651,0
322.9,8.865675,0
323.0,8.863923,0
323.1,8.860187,0
323.2,8.856761,0
323.3,8.858503,0
323.4,8.856063,0
323.5,8.852156,0
323.6,8.849798,0
323.7,8.846922,0
323.8,8.843634,0
323.9,8.841815,0
324.0,8.838911,0
324.1,8.835511,0
324.2,8.830835,0
324.3,8.827678,0
324.4,8.822938,0
324.5,8.818417,0
324.6,8.813697,0
324.7,8.808251,0
324.8,8.805194,0
324.9,8.799933,0
325.0,8.796058,0
325.1,8.787376,0
325.2,8.783161,0
325.3,8.778470,0
325.4,8.772573,0
325.5,8.765828,0
325.6,8.759557,0
325.7,8.756540,0
325.8,8.748669,0
